650,410,0
650,410,0
637,410,0
623,410,0
610,410,0
596,410,0
582,410,0
569,410,0
555,410,0
541,410,0
528,410,0
514,410,0
500,410,0
487,410,0
473,410,0
459,410,0
446,410,0
432,410,0
418,410,0
405,410,0
391,410,0
377,410,0
364,410,0
350,410,0
336,410,0
323,410,0
309,410,0
295,410,0
282,410,0
268,410,0
254,410,0
241,410,0
227,410,0
213,410,0
200,410,0
186,410,0
172,410,0
159,410,0
145,410,0
131,410,0
118,410,0
104,410,0
90,410,0
77,410,0
63,410,0
49,410,0
36,410,0
650,546,0
650,546,0
632,546,0
614,546,0
596,546,0
578,546,0
559,546,0
541,546,0
523,546,0
505,546,0
487,546,0
468,546,0
450,546,0
432,546,0
414,546,0
396,546,0
377,546,0
359,546,0
341,546,0
323,546,0
305,546,0
286,546,0
268,546,0
250,546,0
232,546,0
214,546,0
195,546,0
177,546,0
159,546,0
141,546,1
123,546,1
104,546,1
86,546,1
68,546,1
50,546,1
32,546,1
13,546,1
-5,546,1
-23,546,1
-41,546,1
-50,546,1
650,564,1
650,564,1
632,564,1
613,564,1
594,564,1
575,564,1
557,564,1
538,564,1
519,564,0
500,564,0
481,564,0
463,564,0
444,564,0
425,564,0
406,564,0
387,564,0
369,564,0
350,564,0
331,564,0
312,564,0
293,564,0
275,564,0
256,564,1
237,564,1
218,564,1
199,564,1
181,564,1
162,564,1
143,564,1
124,564,1
105,564,1
87,564,1
68,564,1
49,564,1
30,564,1
11,564,1
-7,564,1
-26,564,1
-45,564,1
-50,564,1
650,685,1
650,685,1
628,685,1
605,685,1
582,685,0
559,685,0
536,685,0
513,685,0
491,685,0
468,685,0
445,685,0
422,685,0
399,685,0
376,685,0
354,685,0
331,685,0
308,685,0
285,685,0
262,685,0
239,685,0
217,685,0
194,685,0
171,685,0
148,685,0
125,685,0
102,685,0
80,685,0
57,685,0
34,685,0
650,703,0
650,703,0
627,703,0
604,703,0
580,703,0
557,703,0
533,703,0
510,703,0
486,703,0
463,703,0
440,703,0
416,703,0
393,703,0
369,703,0
346,703,0
322,703,0
299,703,0
276,703,0
252,703,0
229,703,0
205,703,0
182,703,1
158,703,1
135,703,1
112,703,1
88,703,1
65,703,1
41,703,1
18,703,1
-6,703,1
-29,703,1
-50,703,1
650,461,1
650,461,1
635,461,1
620,461,1
604,461,1
589,461,1
574,461,1
558,461,1
543,461,1
528,461,0
512,461,0
497,461,0
481,461,0
466,461,0
451,461,0
435,461,0
420,461,0
405,461,0
389,461,0
374,461,0
359,461,0
343,461,0
328,461,0
312,461,0
297,461,0
282,461,0
266,461,0
251,461,0
236,461,0
220,461,0
205,461,0
189,461,0
174,461,0
159,461,0
143,461,0
128,461,0
113,461,1
97,461,1
82,461,1
67,461,1
51,461,1
36,461,1
20,461,1
5,461,1
-10,461,1
-26,461,1
-41,461,1
-50,461,1
650,386,1
650,386,1
638,386,1
625,386,1
612,386,1
599,386,1
586,386,1
573,386,1
560,386,0
548,386,0
535,386,0
522,386,0
509,386,0
496,386,0
483,386,0
470,386,0
457,386,0
445,386,0
432,386,0
419,386,0
406,386,0
393,386,0
380,386,0
367,386,0
355,386,0
342,386,0
329,386,0
316,386,0
303,386,0
290,386,0
277,386,0
264,386,0
252,386,0
239,386,0
226,386,0
213,386,0
200,386,0
187,386,0
174,386,0
162,386,0
149,386,0
136,386,0
123,386,1
110,386,1
97,386,1
84,386,1
71,386,1
59,386,1
46,386,1
33,386,1
20,386,1
7,386,1
-6,386,1
-19,386,1
-31,386,1
-44,386,1
-50,386,1
650,521,1
650,521,1
633,521,1
616,521,1
598,521,1
581,521,1
564,521,1
546,521,0
529,521,0
512,521,0
494,521,0
477,521,0
459,521,0
442,521,0
425,521,0
407,521,0
390,521,0
373,521,0
355,521,0
338,521,0
321,521,0
303,521,0
286,521,0
268,521,0
251,521,0
234,521,0
216,521,0
199,521,0
182,521,0
164,521,0
147,521,1
129,521,1
112,521,1
95,521,1
77,521,1
60,521,1
43,521,1
25,521,1
8,521,1
-9,521,1
-27,521,1
-44,521,1
-50,521,1
650,769,1
650,769,1
625,769,1
599,769,1
574,769,1
548,769,1
522,769,1
497,769,1
471,769,0
445,769,0
420,769,0
394,769,0
369,769,0
343,769,0
317,769,0
292,769,0
266,769,0
240,769,0
215,769,0
189,769,0
163,769,0
138,769,0
112,769,1
87,769,1
61,769,1
35,769,1
10,769,1
-16,769,1
-42,769,1
-50,769,1
650,607,1
650,607,1
630,607,1
610,607,1
590,607,1
570,607,1
549,607,1
529,607,1
509,607,1
489,607,0
468,607,0
448,607,0
428,607,0
408,607,0
387,607,0
367,607,0
347,607,0
327,607,0
307,607,0
286,607,0
266,607,0
246,607,0
226,607,0
205,607,0
185,607,0
165,607,0
145,607,0
124,607,1
104,607,1
84,607,1
64,607,1
43,607,1
23,607,1
3,607,1
-17,607,1
-37,607,1
-50,607,1
650,399,1
650,399,1
637,399,1
624,399,1
611,399,1
597,399,1
584,399,1
571,399,1
557,399,1
544,399,0
531,399,0
518,399,0
504,399,0
491,399,0
478,399,0
464,399,0
451,399,0
438,399,0
424,399,0
411,399,0
398,399,0
385,399,0
371,399,0
358,399,0
345,399,0
331,399,0
318,399,0
305,399,0
291,399,0
278,399,0
265,399,0
252,399,0
238,399,0
225,399,0
212,399,0
198,399,0
185,399,0
172,399,0
158,399,0
145,399,0
132,399,1
119,399,1
105,399,1
92,399,1
79,399,1
65,399,1
52,399,1
39,399,1
25,399,1
12,399,1
-1,399,1
-14,399,1
-28,399,1
-41,399,1
-50,399,1
650,562,1
650,562,1
632,562,1
613,562,1
594,562,1
576,562,1
557,562,1
538,562,0
519,562,0
501,562,0
482,562,0
463,562,0
444,562,0
426,562,0
407,562,0
388,562,0
369,562,0
351,562,0
332,562,0
313,562,0
295,562,0
276,562,0
257,562,0
238,562,0
220,562,0
201,562,0
182,562,0
163,562,0
145,562,0
126,562,0
107,562,1
88,562,1
70,562,1
51,562,1
32,562,1
14,562,1
-5,562,1
-24,562,1
-43,562,1
-50,562,1
650,545,1
650,545,1
632,545,1
614,545,1
596,545,1
578,545,1
560,545,1
542,545,1
523,545,1
505,545,0
487,545,0
469,545,0
451,545,0
433,545,0
414,545,0
396,545,0
378,545,0
360,545,0
342,545,0
324,545,0
305,545,0
287,545,0
269,545,0
251,545,0
233,545,0
215,545,0
196,545,0
178,545,0
160,545,0
142,545,0
124,545,0
106,545,1
87,545,1
69,545,1
51,545,1
33,545,1
15,545,1
-3,545,1
-22,545,1
-40,545,1
-50,545,1
650,782,1
650,782,1
624,782,1
598,782,1
572,782,1
546,782,1
520,782,1
494,782,1
468,782,1
442,782,0
416,782,0
390,782,0
364,782,0
338,782,0
312,782,0
286,782,0
259,782,0
233,782,0
207,782,0
181,782,0
155,782,0
129,782,0
103,782,1
77,782,1
51,782,1
25,782,1
-1,782,1
-27,782,1
-50,782,1
650,732,1
650,732,1
626,732,1
602,732,1
577,732,1
553,732,1
529,732,1
504,732,1
480,732,0
455,732,0
431,732,0
407,732,0
382,732,0
358,732,0
333,732,0
309,732,0
285,732,0
260,732,0
236,732,0
211,732,1
187,732,1
163,732,1
138,732,1
114,732,1
89,732,1
65,732,1
41,732,1
16,732,1
-8,732,1
-33,732,1
-50,732,1
650,533,1
650,533,1
633,533,1
615,533,1
597,533,1
579,533,1
562,533,1
544,533,1
526,533,0
508,533,0
491,533,0
473,533,0
455,533,0
437,533,0
420,533,0
402,533,0
384,533,0
366,533,0
348,533,0
331,533,0
313,533,0
295,533,0
277,533,1
260,533,1
242,533,1
224,533,1
206,533,1
189,533,1
171,533,1
153,533,1
135,533,1
118,533,1
100,533,1
82,533,1
64,533,1
46,533,1
29,533,1
11,533,1
-7,533,1
-25,533,1
-42,533,1
-50,533,0
650,352,0
650,352,0
639,352,0
627,352,0
615,352,0
604,352,0
592,352,0
580,352,0
568,352,0
557,352,0
545,352,0
533,352,0
521,352,0
510,352,0
498,352,0
486,352,0
474,352,0
463,352,0
451,352,0
439,352,0
428,352,0
416,352,0
404,352,0
392,352,0
381,352,0
369,352,0
357,352,0
345,352,0
334,352,0
322,352,0
310,352,0
298,352,0
287,352,0
275,352,0
263,352,0
252,352,0
240,352,0
228,352,0
216,352,0
205,352,0
193,352,0
181,352,0
169,352,0
158,352,0
146,352,0
134,352,0
122,352,0
111,352,0
99,352,1
87,352,1
76,352,1
64,352,1
52,352,1
40,352,1
29,352,1
17,352,1
5,352,1
-7,352,1
-18,352,1
-30,352,1
-42,352,1
-50,352,1
650,301,1
650,301,1
640,301,1
630,301,1
620,301,1
610,301,1
600,301,1
590,301,1
580,301,0
570,301,0
560,301,0
550,301,0
540,301,0
530,301,0
520,301,0
510,301,0
500,301,0
490,301,0
480,301,0
470,301,0
460,301,0
450,301,0
440,301,0
430,301,0
420,301,0
410,301,0
400,301,0
390,301,0
380,301,0
370,301,0
360,301,0
350,301,0
339,301,0
329,301,0
319,301,0
309,301,0
299,301,0
289,301,0
279,301,0
269,301,0
259,301,0
249,301,0
239,301,0
229,301,0
219,301,0
209,301,0
199,301,0
189,301,0
179,301,0
169,301,0
159,301,0
149,301,0
139,301,0
129,301,0
119,301,0
109,301,0
99,301,0
89,301,0
79,301,0
69,301,1
59,301,1
48,301,1
38,301,1
28,301,1
18,301,1
8,301,1
-2,301,1
-12,301,1
-22,301,1
-32,301,1
-42,301,1
-50,301,1
650,391,1
650,391,1
637,391,1
624,391,1
611,391,1
598,391,1
585,391,1
572,391,1
559,391,0
546,391,0
533,391,0
520,391,0
507,391,0
494,391,0
481,391,0
468,391,0
455,391,0
442,391,0
429,391,0
416,391,0
403,391,0
390,391,0
377,391,0
364,391,0
351,391,0
338,391,0
325,391,0
312,391,0
299,391,0
286,391,0
273,391,0
259,391,0
246,391,0
233,391,0
220,391,0
207,391,0
194,391,0
181,391,0
168,391,0
155,391,0
142,391,0
129,391,0
116,391,0
103,391,0
90,391,0
77,391,1
64,391,1
51,391,1
38,391,1
25,391,1
12,391,1
-1,391,1
-14,391,1
-27,391,1
-40,391,1
-50,391,1
650,453,1
650,453,1
635,453,1
620,453,1
605,453,1
590,453,1
575,453,1
560,453,1
545,453,1
530,453,0
515,453,0
499,453,0
484,453,0
469,453,0
454,453,0
439,453,0
424,453,0
409,453,0
394,453,0
379,453,0
364,453,0
348,453,0
333,453,0
318,453,0
303,453,0
288,453,0
273,453,0
258,453,0
243,453,0
228,453,0
213,453,0
197,453,0
182,453,0
167,453,0
152,453,0
137,453,1
122,453,1
107,453,1
92,453,1
77,453,1
62,453,1
46,453,1
31,453,1
16,453,1
1,453,1
-14,453,1
-29,453,1
-44,453,1
-50,453,1
650,397,1
650,397,1
637,397,1
624,397,1
611,397,1
598,397,1
584,397,1
571,397,1
558,397,0
545,397,0
531,397,0
518,397,0
505,397,0
492,397,0
478,397,0
465,397,0
452,397,0
439,397,0
426,397,0
412,397,0
399,397,0
386,397,0
373,397,0
359,397,0
346,397,0
333,397,0
320,397,0
306,397,0
293,397,0
280,397,0
267,397,0
253,397,0
240,397,0
227,397,0
214,397,0
201,397,0
187,397,0
174,397,0
161,397,0
148,397,0
134,397,0
121,397,0
108,397,0
95,397,1
81,397,1
68,397,1
55,397,1
42,397,1
29,397,1
15,397,1
2,397,1
-11,397,1
-24,397,1
-38,397,1
-50,397,1
650,410,1
650,410,1
637,410,1
623,410,1
610,410,1
596,410,1
582,410,1
569,410,1
555,410,0
541,410,0
528,410,0
514,410,0
500,410,0
487,410,0
473,410,0
459,410,0
446,410,0
432,410,0
418,410,0
405,410,0
391,410,0
377,410,0
364,410,0
350,410,0
336,410,0
323,410,0
309,410,0
295,410,0
282,410,0
268,410,0
254,410,0
241,410,0
227,410,0
213,410,0
200,410,0
186,410,0
172,410,0
159,410,0
145,410,0
131,410,0
118,410,0
104,410,0
90,410,1
77,410,1
63,410,1
49,410,1
36,410,1
22,410,1
8,410,1
-5,410,1
-19,410,1
-33,410,1
-46,410,1
-50,410,1
650,671,1
650,671,1
628,671,1
606,671,1
583,671,1
561,671,1
539,671,1
516,671,1
494,671,0
472,671,0
449,671,0
427,671,0
404,671,0
382,671,0
360,671,0
337,671,0
315,671,0
293,671,0
270,671,0
248,671,0
226,671,0
203,671,0
181,671,0
158,671,0
136,671,0
114,671,0
91,671,0
69,671,1
47,671,1
650,620,1
650,620,1
630,620,1
609,620,1
589,620,1
568,620,0
547,620,0
527,620,0
506,620,0
485,620,0
465,620,0
444,620,0
423,620,0
403,620,0
382,620,0
361,620,0
341,620,0
320,620,0
299,620,0
279,620,0
258,620,0
237,620,0
217,620,0
196,620,0
175,620,1
155,620,1
134,620,1
113,620,1
93,620,1
72,620,1
51,620,1
31,620,1
10,620,1
-11,620,1
-31,620,1
-50,620,1
650,410,1
650,410,1
637,410,1
623,410,1
610,410,1
596,410,1
582,410,1
569,410,1
555,410,0
541,410,0
528,410,0
514,410,0
500,410,0
487,410,0
473,410,0
459,410,0
446,410,0
432,410,0
418,410,0
405,410,0
391,410,0
377,410,0
364,410,0
350,410,0
336,410,0
323,410,0
309,410,0
295,410,0
282,410,0
268,410,0
254,410,0
241,410,0
227,410,0
213,410,0
200,410,0
186,410,0
172,410,0
159,410,0
145,410,1
131,410,1
118,410,1
104,410,1
90,410,1
77,410,1
63,410,1
49,410,1
36,410,1
22,410,1
8,410,1
-5,410,1
-19,410,1
-33,410,1
-46,410,1
-50,410,1
650,338,1
650,338,1
639,338,1
628,338,1
617,338,1
605,338,1
594,338,0
583,338,0
572,338,0
560,338,0
549,338,0
538,338,0
527,338,0
515,338,0
504,338,0
493,338,0
482,338,0
470,338,0
459,338,0
448,338,0
436,338,0
425,338,0
414,338,0
403,338,0
391,338,0
380,338,0
369,338,0
358,338,0
346,338,0
335,338,0
324,338,0
313,338,0
301,338,0
290,338,0
279,338,0
267,338,0
256,338,0
245,338,0
234,338,0
222,338,0
211,338,0
200,338,0
189,338,0
177,338,0
166,338,0
155,338,0
144,338,0
132,338,0
121,338,0
110,338,1
98,338,1
87,338,1
76,338,1
65,338,1
53,338,1
42,338,1
31,338,1
20,338,1
8,338,1
-3,338,1
-14,338,1
-25,338,1
-37,338,1
-48,338,1
-50,338,1
650,734,1
650,734,1
626,734,1
602,734,1
577,734,1
553,734,1
528,734,0
504,734,0
479,734,0
455,734,0
430,734,0
406,734,0
381,734,0
357,734,0
332,734,0
308,734,0
283,734,0
259,734,0
235,734,0
210,734,0
186,734,0
161,734,0
137,734,0
112,734,0
88,734,1
63,734,1
39,734,1
14,734,1
-10,734,1
-35,734,1
-50,734,1
650,669,1
650,669,1
628,669,1
606,669,1
584,669,1
561,669,1
539,669,1
517,669,1
494,669,0
472,669,0
450,669,0
428,669,0
405,669,0
383,669,0
361,669,0
338,669,0
316,669,0
294,669,0
271,669,0
249,669,0
227,669,0
205,669,1
182,669,1
160,669,1
138,669,1
115,669,1
93,669,1
71,669,1
48,669,1
26,669,1
4,669,1
-18,669,1
-41,669,1
-50,669,1
650,499,1
650,499,1
634,499,1
617,499,1
601,499,1
584,499,1
567,499,1
551,499,1
534,499,0
517,499,0
501,499,0
484,499,0
468,499,0
451,499,0
434,499,0
418,499,0
401,499,0
384,499,0
368,499,0
351,499,0
334,499,0
318,499,0
301,499,0
285,499,0
268,499,0
251,499,0
235,499,0
218,499,0
201,499,0
185,499,1
168,499,1
152,499,1
135,499,1
118,499,1
102,499,1
85,499,1
68,499,1
52,499,1
35,499,1
18,499,1
2,499,1
-15,499,1
-31,499,1
-48,499,1
-50,499,1
650,378,1
650,378,1
638,378,1
625,378,1
613,378,1
600,378,1
587,378,0
575,378,0
562,378,0
550,378,0
537,378,0
524,378,0
512,378,0
499,378,0
487,378,0
474,378,0
461,378,0
449,378,0
436,378,0
424,378,0
411,378,0
398,378,0
386,378,0
373,378,1
361,378,1
348,378,1
335,378,1
323,378,1
310,378,1
298,378,1
285,378,1
272,378,1
260,378,1
247,378,1
235,378,1
222,378,1
209,378,1
197,378,1
184,378,1
172,378,1
159,378,1
146,378,1
134,378,0
121,378,0
109,378,0
96,378,0
83,378,1
71,378,1
58,378,1
46,378,1
33,378,1
20,378,1
8,378,1
-5,378,1
-17,378,1
-30,378,1
-43,378,1
-50,378,1
650,343,1
650,343,1
639,343,1
628,343,1
616,343,1
605,343,1
593,343,1
582,343,1
570,343,0
559,343,0
548,343,0
536,343,0
525,343,0
513,343,0
502,343,0
490,343,0
479,343,0
468,343,0
456,343,0
445,343,0
433,343,0
422,343,0
410,343,0
399,343,0
388,343,0
376,343,0
365,343,0
353,343,0
342,343,0
330,343,0
319,343,0
308,343,0
296,343,0
285,343,0
273,343,0
262,343,0
250,343,0
239,343,0
227,343,0
216,343,0
205,343,0
193,343,0
182,343,0
170,343,0
159,343,0
147,343,0
136,343,1
125,343,1
113,343,1
102,343,1
90,343,1
79,343,1
67,343,1
56,343,1
45,343,1
33,343,1
22,343,1
10,343,1
-1,343,1
-13,343,1
-24,343,1
-35,343,1
-47,343,1
-50,343,1
650,559,1
650,559,1
632,559,1
613,559,1
595,559,0
576,559,0
557,559,0
539,559,0
520,559,0
501,559,0
483,559,0
464,559,0
446,559,0
427,559,0
408,559,0
390,559,0
371,559,0
352,559,0
334,559,0
315,559,0
296,559,0
278,559,0
259,559,0
241,559,0
222,559,0
203,559,1
185,559,1
166,559,1
147,559,1
129,559,1
110,559,1
92,559,1
73,559,1
54,559,1
36,559,1
17,559,1
-2,559,1
-20,559,1
-39,559,1
-50,559,1
650,419,1
650,419,1
637,419,1
623,419,1
609,419,1
595,419,1
581,419,1
567,419,0
553,419,0
539,419,0
525,419,0
511,419,0
497,419,0
483,419,0
469,419,0
455,419,0
441,419,0
427,419,0
413,419,0
399,419,0
385,419,0
371,419,0
357,419,0
343,419,0
329,419,0
315,419,0
301,419,0
287,419,0
273,419,0
259,419,0
245,419,0
232,419,0
218,419,0
204,419,0
190,419,0
176,419,0
162,419,0
148,419,1
134,419,1
120,419,1
106,419,1
92,419,1
78,419,1
64,419,1
50,419,1
36,419,1
22,419,1
8,419,1
-6,419,1
-20,419,1
-34,419,1
-48,419,1
-50,419,1
650,401,1
650,401,1
637,401,1
624,401,1
610,401,1
597,401,1
584,401,0
570,401,0
557,401,0
544,401,0
530,401,0
517,401,0
503,401,0
490,401,0
477,401,0
463,401,0
450,401,0
437,401,0
423,401,0
410,401,0
397,401,0
383,401,0
370,401,0
356,401,0
343,401,0
330,401,0
316,401,0
303,401,0
290,401,0
276,401,0
263,401,0
249,401,0
236,401,0
223,401,0
209,401,0
196,401,0
183,401,0
169,401,1
156,401,1
143,401,1
129,401,1
116,401,1
102,401,1
89,401,1
76,401,1
62,401,1
49,401,1
36,401,1
22,401,1
9,401,1
-4,401,1
-18,401,1
-31,401,1
-45,401,1
-50,401,1
650,610,1
650,610,1
630,610,1
610,610,1
589,610,0
569,610,0
549,610,0
528,610,0
508,610,0
488,610,0
467,610,0
447,610,0
427,610,0
406,610,0
386,610,0
366,610,0
345,610,0
325,610,0
305,610,0
284,610,0
264,610,0
244,610,0
223,610,0
203,610,0
183,610,0
162,610,1
142,610,1
122,610,1
101,610,1
81,610,1
61,610,1
40,610,1
20,610,1
0,610,1
-21,610,1
-41,610,1
-50,610,1
650,447,1
650,447,1
636,447,1
621,447,1
606,447,1
591,447,1
576,447,1
561,447,1
546,447,0
531,447,0
516,447,0
502,447,0
487,447,0
472,447,0
457,447,0
442,447,0
427,447,0
412,447,0
397,447,0
382,447,0
367,447,0
353,447,0
338,447,0
323,447,0
308,447,0
293,447,0
278,447,0
263,447,0
248,447,0
233,447,0
218,447,0
204,447,0
189,447,0
174,447,0
159,447,0
144,447,1
129,447,1
114,447,1
99,447,1
84,447,1
69,447,1
55,447,1
40,447,1
25,447,1
10,447,1
-5,447,1
-20,447,1
-35,447,1
-50,447,1
650,380,1
650,380,1
638,380,1
625,380,1
613,380,1
600,380,1
587,380,1
575,380,1
562,380,0
549,380,0
537,380,0
524,380,0
511,380,0
499,380,0
486,380,0
473,380,0
461,380,0
448,380,0
435,380,0
423,380,0
410,380,0
397,380,0
385,380,0
372,380,0
359,380,0
347,380,0
334,380,0
321,380,0
309,380,0
296,380,0
283,380,0
271,380,0
258,380,0
245,380,0
233,380,0
220,380,0
207,380,0
195,380,0
182,380,0
169,380,0
157,380,0
144,380,0
131,380,0
119,380,0
106,380,0
93,380,0
81,380,1
68,380,1
55,380,1
43,380,1
30,380,1
17,380,1
5,380,1
-8,380,1
-21,380,1
-33,380,1
-46,380,1
-50,380,1
650,504,1
650,504,1
634,504,1
617,504,1
600,504,1
583,504,1
567,504,1
550,504,1
533,504,0
516,504,0
499,504,0
483,504,0
466,504,0
449,504,0
432,504,0
415,504,0
399,504,0
382,504,0
365,504,0
348,504,0
331,504,0
315,504,0
298,504,0
281,504,0
264,504,0
247,504,0
231,504,0
214,504,1
197,504,1
180,504,1
163,504,1
147,504,1
130,504,1
113,504,1
96,504,1
79,504,1
63,504,1
46,504,1
29,504,1
12,504,1
-5,504,1
-21,504,1
-38,504,1
-50,504,1
650,740,1
650,740,1
626,740,1
601,740,1
577,740,1
552,740,0
527,740,0
503,740,0
478,740,0
453,740,0
429,740,0
404,740,0
379,740,0
355,740,0
330,740,0
305,740,0
281,740,0
256,740,0
231,740,0
207,740,0
182,740,1
157,740,1
133,740,1
108,740,1
83,740,1
59,740,1
34,740,1
9,740,1
-15,740,1
-40,740,1
-50,740,1
650,495,1
650,495,1
634,495,1
617,495,1
601,495,1
584,495,1
568,495,1
551,495,1
535,495,1
518,495,0
502,495,0
485,495,0
469,495,0
452,495,0
436,495,0
419,495,0
403,495,0
386,495,0
370,495,0
353,495,0
337,495,0
320,495,0
304,495,0
287,495,0
271,495,0
254,495,0
238,495,0
221,495,0
205,495,0
188,495,1
172,495,1
155,495,1
139,495,1
122,495,1
106,495,1
89,495,1
73,495,1
56,495,1
40,495,1
23,495,1
7,495,1
-10,495,1
-26,495,1
-43,495,1
-50,495,1
650,359,1
650,359,1
639,359,1
627,359,1
615,359,1
603,359,1
591,359,0
579,359,0
567,359,0
555,359,0
543,359,0
531,359,0
519,359,0
507,359,0
495,359,0
483,359,0
471,359,0
459,359,0
447,359,0
435,359,0
423,359,0
411,359,0
399,359,0
387,359,0
375,359,0
363,359,0
351,359,0
339,359,0
327,359,0
315,359,0
303,359,0
291,359,0
280,359,0
268,359,0
256,359,0
244,359,0
232,359,0
220,359,0
208,359,0
196,359,0
184,359,0
172,359,0
160,359,0
148,359,0
136,359,1
124,359,1
112,359,1
100,359,1
88,359,1
76,359,1
64,359,1
52,359,1
40,359,1
28,359,1
16,359,1
4,359,1
-8,359,1
-20,359,1
-32,359,1
-44,359,1
-50,359,1
650,415,1
650,415,1
637,415,1
623,415,1
609,415,1
595,415,0
581,415,0
567,415,0
554,415,0
540,415,0
526,415,0
512,415,0
498,415,0
484,415,0
471,415,0
457,415,0
443,415,0
429,415,0
415,415,0
401,415,0
388,415,0
374,415,0
360,415,0
346,415,0
332,415,0
318,415,0
305,415,0
291,415,0
277,415,0
263,415,0
249,415,0
235,415,0
222,415,1
208,415,1
194,415,1
180,415,1
166,415,1
152,415,1
139,415,1
125,415,1
111,415,1
97,415,1
83,415,1
69,415,1
56,415,1
42,415,1
28,415,1
14,415,1
0,415,1
-14,415,1
-27,415,1
-41,415,0
-50,415,0
650,721,0
650,721,0
626,721,0
602,721,0
578,721,0
554,721,0
530,721,0
506,721,0
482,721,0
458,721,0
434,721,0
410,721,0
386,721,0
362,721,0
338,721,0
314,721,0
290,721,0
266,721,0
242,721,0
218,721,0
194,721,0
170,721,0
146,721,1
122,721,1
98,721,1
74,721,1
50,721,1
26,721,1
2,721,1
-22,721,1
-46,721,1
-50,721,1
650,462,1
650,462,1
635,462,1
620,462,1
604,462,1
589,462,1
574,462,1
558,462,1
543,462,1
527,462,0
512,462,0
497,462,0
481,462,0
466,462,0
450,462,0
435,462,0
420,462,0
404,462,0
389,462,0
373,462,0
358,462,0
343,462,0
327,462,0
312,462,0
296,462,0
281,462,0
266,462,0
250,462,0
235,462,1
219,462,1
204,462,1
189,462,1
173,462,1
158,462,1
142,462,1
127,462,1
112,462,1
96,462,1
81,462,1
65,462,1
50,462,1
35,462,1
19,462,1
4,462,1
-12,462,1
-27,462,1
-42,462,1
-50,462,0
650,695,0
650,695,0
627,695,0
604,695,0
581,695,0
558,695,0
535,695,0
512,695,0
488,695,0
465,695,0
442,695,0
419,695,0
396,695,0
373,695,0
349,695,0
326,695,0
303,695,0
280,695,0
257,695,0
234,695,0
210,695,0
187,695,0
164,695,0
141,695,0
118,695,0
95,695,0
71,695,0
48,695,1
650,567,1
650,567,1
632,567,1
613,567,0
594,567,0
575,567,0
556,567,0
537,567,0
518,567,0
499,567,0
480,567,0
462,567,0
443,567,0
424,567,0
405,567,0
386,567,0
367,567,0
348,567,0
329,567,0
310,567,0
291,567,0
273,567,0
254,567,0
235,567,0
216,567,0
197,567,1
178,567,1
159,567,1
140,567,1
121,567,1
102,567,1
84,567,1
65,567,1
46,567,1
27,567,1
8,567,1
-11,567,1
-30,567,1
-49,567,1
-50,567,1
650,745,1
650,745,1
626,745,1
601,745,1
576,745,1
551,745,1
526,745,1
501,745,0
477,745,0
452,745,0
427,745,0
402,745,0
377,745,0
352,745,0
328,745,0
303,745,0
278,745,0
253,745,0
228,745,0
203,745,1
179,745,1
154,745,1
129,745,1
104,745,1
79,745,1
54,745,1
30,745,1
5,745,1
-20,745,1
-45,745,1
-50,745,1
650,615,1
650,615,1
630,615,1
609,615,1
589,615,1
568,615,1
548,615,1
527,615,1
507,615,0
486,615,0
466,615,0
445,615,0
425,615,0
404,615,0
384,615,0
363,615,0
343,615,0
322,615,0
302,615,0
281,615,0
261,615,0
240,615,0
220,615,0
199,615,0
179,615,0
158,615,0
138,615,1
117,615,1
97,615,1
76,615,1
56,615,1
35,615,1
15,615,1
-6,615,1
-26,615,1
-47,615,1
-50,615,1
650,652,1
650,652,1
629,652,1
607,652,1
585,652,1
564,652,1
542,652,1
520,652,1
498,652,1
477,652,0
455,652,0
433,652,0
411,652,0
390,652,0
368,652,0
346,652,0
324,652,0
303,652,0
281,652,0
259,652,0
238,652,1
216,652,1
194,652,1
172,652,1
151,652,1
129,652,1
107,652,1
85,652,1
64,652,1
42,652,1
20,652,1
-2,652,1
-23,652,1
-45,652,1
-50,652,1
650,578,1
650,578,1
631,578,1
612,578,1
593,578,1
573,578,1
554,578,1
535,578,0
516,578,0
496,578,0
477,578,0
458,578,0
439,578,0
419,578,0
400,578,0
381,578,0
362,578,0
342,578,0
323,578,0
304,578,0
284,578,0
265,578,0
246,578,0
227,578,0
207,578,0
188,578,1
169,578,1
150,578,1
130,578,1
111,578,1
92,578,1
73,578,1
53,578,1
34,578,1
15,578,1
-5,578,1
-24,578,1
-43,578,1
-50,578,1
650,585,1
650,585,1
631,585,1
611,585,1
592,585,1
572,585,1
553,585,1
533,585,1
514,585,0
494,585,0
475,585,0
455,585,0
436,585,0
416,585,0
397,585,0
377,585,0
358,585,0
338,585,0
319,585,0
299,585,0
280,585,0
260,585,0
241,585,0
221,585,0
202,585,0
182,585,1
163,585,1
143,585,1
124,585,1
104,585,1
85,585,1
65,585,1
46,585,1
26,585,1
7,585,1
-13,585,1
-32,585,1
-50,585,1
650,351,1
650,351,1
639,351,1
627,351,1
615,351,1
604,351,1
592,351,1
580,351,1
569,351,0
557,351,0
545,351,0
533,351,0
522,351,0
510,351,0
498,351,0
487,351,0
475,351,0
463,351,0
452,351,0
440,351,0
428,351,0
416,351,0
405,351,0
393,351,0
381,351,0
370,351,0
358,351,0
346,351,0
335,351,0
323,351,0
311,351,0
299,351,0
288,351,0
276,351,0
264,351,0
253,351,0
241,351,0
229,351,0
218,351,0
206,351,0
194,351,0
182,351,0
171,351,0
159,351,0
147,351,0
136,351,0
124,351,1
112,351,1
101,351,1
89,351,1
77,351,1
65,351,1
54,351,1
42,351,1
30,351,1
19,351,1
7,351,1
-5,351,1
-16,351,1
-28,351,1
-40,351,1
-50,351,1
650,510,1
650,510,1
633,510,1
616,510,1
599,510,1
582,510,1
565,510,0
548,510,0
531,510,0
514,510,0
497,510,0
480,510,0
463,510,0
446,510,0
429,510,0
412,510,0
395,510,0
378,510,0
361,510,0
344,510,0
327,510,0
310,510,0
293,510,0
276,510,0
259,510,0
242,510,0
225,510,0
208,510,0
191,510,0
174,510,0
157,510,0
140,510,1
123,510,1
106,510,1
89,510,1
72,510,1
55,510,1
38,510,1
21,510,1
4,510,1
-13,510,1
-30,510,1
-47,510,1
-50,510,1
650,669,1
650,669,1
628,669,1
606,669,1
584,669,1
561,669,1
539,669,1
517,669,1
494,669,0
472,669,0
450,669,0
428,669,0
405,669,0
383,669,0
361,669,0
338,669,0
316,669,0
294,669,0
271,669,0
249,669,0
227,669,0
205,669,0
182,669,0
160,669,1
138,669,1
115,669,1
93,669,1
71,669,1
48,669,1
26,669,1
4,669,1
-18,669,1
-41,669,1
-50,669,1
650,362,1
650,362,1
638,362,1
626,362,1
614,362,1
602,362,1
590,362,1
578,362,1
566,362,1
554,362,0
542,362,0
530,362,0
518,362,0
506,362,0
494,362,0
482,362,0
469,362,0
457,362,0
445,362,0
433,362,0
421,362,0
409,362,0
397,362,0
385,362,0
373,362,0
361,362,0
349,362,0
337,362,0
325,362,0
313,362,0
301,362,0
288,362,0
276,362,0
264,362,0
252,362,0
240,362,0
228,362,0
216,362,0
204,362,0
192,362,0
180,362,0
168,362,0
156,362,0
144,362,1
132,362,1
120,362,1
107,362,1
95,362,1
83,362,1
71,362,1
59,362,1
47,362,1
35,362,1
23,362,1
11,362,1
-1,362,1
-13,362,1
-25,362,1
-37,362,1
-49,362,1
-50,362,1
650,795,1
650,795,1
624,795,1
597,795,1
571,795,0
544,795,0
518,795,0
491,795,0
465,795,0
438,795,0
412,795,0
385,795,0
359,795,0
332,795,0
306,795,0
279,795,0
253,795,0
226,795,0
200,795,1
173,795,1
147,795,1
120,795,1
94,795,1
67,795,1
41,795,1
14,795,1
-12,795,1
-39,795,1
-50,795,1
650,341,1
650,341,1
639,341,1
628,341,1
616,341,1
605,341,1
594,341,1
582,341,1
571,341,1
560,341,0
548,341,0
537,341,0
525,341,0
514,341,0
503,341,0
491,341,0
480,341,0
469,341,0
457,341,0
446,341,0
435,341,0
423,341,0
412,341,0
400,341,0
389,341,0
378,341,0
366,341,0
355,341,0
344,341,0
332,341,0
321,341,0
309,341,0
298,341,0
287,341,0
275,341,0
264,341,0
253,341,0
241,341,0
230,341,0
219,341,0
207,341,0
196,341,0
184,341,0
173,341,0
162,341,0
150,341,0
139,341,0
128,341,1
116,341,1
105,341,1
94,341,1
82,341,1
71,341,1
59,341,1
48,341,1
37,341,1
25,341,1
14,341,1
3,341,1
-9,341,1
-20,341,1
-32,341,1
-43,341,1
-50,341,1
650,561,1
650,561,1
632,561,1
613,561,1
594,561,1
576,561,0
557,561,0
538,561,0
520,561,0
501,561,0
482,561,0
463,561,0
445,561,0
426,561,0
407,561,0
389,561,0
370,561,0
351,561,0
333,561,0
314,561,0
295,561,0
276,561,0
258,561,0
239,561,1
220,561,1
202,561,1
183,561,1
164,561,1
146,561,1
127,561,1
108,561,1
89,561,1
71,561,1
52,561,1
33,561,1
15,561,1
-4,561,1
-23,561,1
-41,561,1
-50,561,1
650,750,1
650,750,1
625,750,1
600,750,1
575,750,1
550,750,0
525,750,0
500,750,0
475,750,0
450,750,0
425,750,0
400,750,0
375,750,0
350,750,0
325,750,0
300,750,0
275,750,0
250,750,1
225,750,1
200,750,1
175,750,1
150,750,1
125,750,1
100,750,1
75,750,1
50,750,1
25,750,1
0,750,1
-25,750,1
-50,750,1
650,347,1
650,347,1
639,347,1
627,347,1
616,347,1
604,347,1
593,347,1
581,347,1
570,347,0
558,347,0
546,347,0
535,347,0
523,347,0
512,347,0
500,347,0
489,347,0
477,347,0
465,347,0
454,347,0
442,347,0
431,347,0
419,347,0
408,347,0
396,347,0
384,347,0
373,347,0
361,347,0
350,347,0
338,347,0
327,347,0
315,347,0
303,347,0
292,347,0
280,347,0
269,347,0
257,347,0
246,347,0
234,347,0
223,347,0
211,347,0
199,347,0
188,347,0
176,347,0
165,347,0
153,347,1
142,347,1
130,347,1
118,347,1
107,347,1
95,347,1
84,347,1
72,347,1
61,347,1
49,347,1
37,347,1
26,347,1
14,347,1
3,347,1
-9,347,1
-20,347,1
-32,347,1
-44,347,1
-50,347,1
650,558,1
650,558,0
632,558,0
613,558,0
595,558,0
576,558,0
557,558,0
539,558,0
520,558,0
502,558,0
483,558,0
464,558,0
446,558,0
427,558,0
409,558,0
390,558,0
371,558,0
353,558,0
334,558,0
316,558,0
297,558,0
278,558,0
260,558,0
241,558,0
223,558,0
204,558,1
185,558,1
167,558,1
148,558,1
130,558,1
111,558,1
92,558,1
74,558,1
55,558,1
37,558,1
18,558,1
-1,558,1
-19,558,1
-38,558,1
-50,558,1
650,418,1
650,418,1
637,418,1
623,418,1
609,418,1
595,418,1
581,418,1
567,418,0
553,418,0
539,418,0
525,418,0
511,418,0
497,418,0
483,418,0
469,418,0
455,418,0
442,418,0
428,418,0
414,418,0
400,418,0
386,418,0
372,418,0
358,418,0
344,418,0
330,418,0
316,418,0
302,418,0
288,418,0
274,418,0
260,418,0
246,418,0
233,418,0
219,418,0
205,418,0
191,418,0
177,418,0
163,418,0
149,418,0
135,418,0
121,418,0
107,418,0
93,418,1
79,418,1
65,418,1
51,418,1
37,418,1
24,418,1
10,418,1
-4,418,1
-18,418,1
-32,418,1
-46,418,1
-50,418,1
650,413,1
650,413,1
637,413,1
623,413,1
609,413,1
595,413,1
582,413,1
568,413,1
554,413,0
540,413,0
527,413,0
513,413,0
499,413,0
485,413,0
472,413,0
458,413,0
444,413,0
430,413,0
416,413,0
403,413,0
389,413,0
375,413,0
361,413,0
348,413,0
334,413,0
320,413,0
306,413,0
293,413,0
279,413,0
265,413,0
251,413,0
238,413,0
224,413,0
210,413,0
196,413,0
182,413,0
169,413,1
155,413,1
141,413,1
127,413,1
114,413,1
100,413,1
86,413,1
72,413,1
59,413,1
45,413,1
31,413,1
17,413,1
3,413,1
-10,413,1
-24,413,1
-38,413,1
-50,413,1
650,797,1
650,797,1
624,797,1
597,797,1
571,797,1
544,797,0
518,797,0
491,797,0
465,797,0
438,797,0
411,797,0
385,797,0
358,797,0
332,797,0
305,797,0
279,797,0
252,797,1
225,797,1
199,797,1
172,797,1
146,797,1
119,797,1
93,797,1
66,797,1
39,797,1
13,797,1
-14,797,1
-40,797,1
-50,797,1
650,441,1
650,441,1
636,441,1
621,441,1
606,441,1
592,441,1
577,441,1
562,441,1
548,441,0
533,441,0
518,441,0
503,441,0
489,441,0
474,441,0
459,441,0
445,441,0
430,441,0
415,441,0
401,441,0
386,441,0
371,441,0
356,441,0
342,441,0
327,441,0
312,441,0
298,441,0
283,441,0
268,441,0
254,441,0
239,441,0
224,441,0
209,441,0
195,441,0
180,441,0
165,441,0
151,441,1
136,441,1
121,441,1
107,441,1
92,441,1
77,441,1
62,441,1
48,441,1
33,441,1
18,441,1
4,441,1
-11,441,1
-26,441,1
-40,441,1
-50,441,1
650,626,1
650,626,1
630,626,1
609,626,1
588,626,1
567,626,1
546,626,1
525,626,0
504,626,0
484,626,0
463,626,0
442,626,0
421,626,0
400,626,0
379,626,0
358,626,0
337,626,0
317,626,0
296,626,0
275,626,0
254,626,0
233,626,0
212,626,1
191,626,1
171,626,1
150,626,1
129,626,1
108,626,1
87,626,1
66,626,1
45,626,1
24,626,1
4,626,1
-17,626,1
-38,626,1
-50,626,1
650,523,1
650,523,1
633,523,1
616,523,1
598,523,1
581,523,1
563,523,1
546,523,1
528,523,0
511,523,0
494,523,0
476,523,0
459,523,0
441,523,0
424,523,0
406,523,0
389,523,0
372,523,0
354,523,0
337,523,0
319,523,0
302,523,0
284,523,0
267,523,0
250,523,0
232,523,1
215,523,1
197,523,1
180,523,1
162,523,1
145,523,1
128,523,1
110,523,1
93,523,1
75,523,1
58,523,1
40,523,1
23,523,1
5,523,1
-12,523,1
-29,523,1
-47,523,1
-50,523,1
650,365,1
650,365,1
638,365,1
626,365,1
614,365,0
602,365,0
590,365,0
578,365,0
565,365,0
553,365,0
541,365,0
529,365,0
517,365,0
505,365,0
492,365,0
480,365,0
468,365,0
456,365,0
444,365,0
432,365,0
419,365,0
407,365,0
395,365,0
383,365,0
371,365,0
359,365,0
346,365,0
334,365,0
322,365,0
310,365,0
298,365,0
286,365,0
273,365,0
261,365,0
249,365,0
237,365,0
225,365,0
213,365,0
200,365,0
188,365,1
176,365,1
164,365,1
152,365,1
140,365,1
127,365,1
115,365,1
103,365,1
91,365,1
79,365,1
67,365,1
54,365,1
42,365,1
30,365,1
18,365,1
6,365,1
-6,365,1
-19,365,1
-31,365,1
-43,365,0
-50,365,0
650,606,0
650,606,0
630,606,0
610,606,0
590,606,0
570,606,0
549,606,0
529,606,0
509,606,0
489,606,0
469,606,0
448,606,0
428,606,0
408,606,0
388,606,0
368,606,0
347,606,0
327,606,0
307,606,0
287,606,0
267,606,0
246,606,0
226,606,0
206,606,1
186,606,1
166,606,1
145,606,1
125,606,1
105,606,1
85,606,1
65,606,1
44,606,1
24,606,1
4,606,1
-16,606,1
-36,606,1
-50,606,1
650,340,1
650,340,1
639,340,1
628,340,1
616,340,1
605,340,1
594,340,1
582,340,1
571,340,0
560,340,0
548,340,0
537,340,0
526,340,0
514,340,0
503,340,0
492,340,0
480,340,0
469,340,0
458,340,0
446,340,0
435,340,0
424,340,0
412,340,0
401,340,0
390,340,0
378,340,0
367,340,0
356,340,0
344,340,0
333,340,0
322,340,0
310,340,0
299,340,0
288,340,0
276,340,0
265,340,0
254,340,0
242,340,0
231,340,0
220,340,0
208,340,0
197,340,0
186,340,0
174,340,0
163,340,1
152,340,1
140,340,1
129,340,1
118,340,1
106,340,1
95,340,1
84,340,1
72,340,1
61,340,1
50,340,1
38,340,1
27,340,1
16,340,1
4,340,1
-7,340,1
-18,340,1
-30,340,1
-41,340,1
-50,340,0
650,741,0
650,741,0
626,741,0
601,741,0
576,741,0
552,741,0
527,741,0
502,741,0
478,741,0
453,741,0
428,741,0
403,741,0
379,741,0
354,741,0
329,741,0
305,741,0
280,741,0
255,741,0
231,741,0
206,741,0
181,741,0
156,741,0
132,741,1
107,741,1
82,741,1
58,741,1
33,741,1
8,741,1
-16,741,1
-41,741,1
-50,741,1
650,723,1
650,723,1
626,723,1
602,723,1
578,723,1
554,723,1
530,723,1
506,723,1
482,723,1
458,723,0
434,723,0
409,723,0
385,723,0
361,723,0
337,723,0
313,723,0
289,723,0
265,723,0
241,723,0
217,723,0
193,723,1
168,723,1
144,723,1
120,723,1
96,723,1
72,723,1
48,723,1
24,723,1
0,723,1
-24,723,1
-48,723,1
-50,723,1
650,624,1
650,624,1
630,624,1
609,624,1
588,624,1
567,624,1
547,624,1
526,624,1
505,624,0
484,624,0
463,624,0
443,624,0
422,624,0
401,624,0
380,624,0
359,624,0
339,624,0
318,624,0
297,624,0
276,624,0
255,624,0
235,624,1
214,624,1
193,624,1
172,624,1
151,624,1
131,624,1
110,624,1
89,624,1
68,624,1
47,624,1
27,624,1
6,624,1
-15,624,1
-36,624,1
-50,624,1
650,660,1
650,660,1
628,660,1
606,660,1
584,660,1
562,660,1
540,660,1
518,660,0
496,660,0
474,660,0
452,660,0
430,660,0
408,660,0
386,660,0
364,660,0
342,660,0
320,660,0
298,660,0
276,660,0
254,660,0
232,660,0
210,660,0
188,660,1
166,660,1
144,660,1
122,660,1
100,660,1
78,660,1
56,660,1
34,660,1
12,660,1
-10,660,1
-32,660,1
-50,660,1
650,353,1
650,353,1
639,353,1
627,353,1
615,353,1
603,353,1
592,353,1
580,353,1
568,353,0
556,353,0
545,353,0
533,353,0
521,353,0
509,353,0
498,353,0
486,353,0
474,353,0
462,353,0
450,353,0
439,353,0
427,353,0
415,353,0
403,353,0
392,353,0
380,353,0
368,353,0
356,353,0
345,353,0
333,353,0
321,353,0
309,353,0
298,353,0
286,353,0
274,353,0
262,353,0
250,353,0
239,353,0
227,353,0
215,353,0
203,353,0
192,353,0
180,353,0
168,353,0
156,353,0
145,353,0
133,353,0
121,353,1
109,353,1
97,353,1
86,353,1
74,353,1
62,353,1
50,353,1
39,353,1
27,353,1
15,353,1
3,353,1
-8,353,1
-20,353,1
-32,353,1
-44,353,1
-50,353,1
650,680,1
650,680,1
628,680,1
605,680,1
583,680,1
560,680,1
537,680,0
515,680,0
492,680,0
469,680,0
447,680,0
424,680,0
401,680,0
379,680,0
356,680,0
333,680,0
311,680,0
288,680,0
265,680,0
243,680,1
220,680,1
197,680,1
175,680,1
152,680,1
129,680,1
107,680,1
84,680,1
61,680,1
39,680,1
16,680,1
-7,680,1
-29,680,1
-50,680,1
650,357,1
650,357,1
639,357,1
627,357,1
615,357,1
603,357,1
591,357,1
579,357,1
567,357,0
555,357,0
543,357,0
532,357,0
520,357,0
508,357,0
496,357,0
484,357,0
472,357,0
460,357,0
448,357,0
436,357,1
424,357,1
413,357,1
401,357,1
389,357,1
377,357,1
365,357,1
353,357,1
341,357,1
329,357,1
317,357,1
305,357,1
294,357,1
282,357,1
270,357,1
258,357,1
246,357,1
234,357,1
222,357,1
210,357,0
198,357,0
186,357,0
175,357,0
163,357,0
151,357,0
139,357,0
127,357,0
115,357,0
103,357,1
91,357,1
79,357,1
67,357,1
56,357,1
44,357,1
32,357,1
20,357,1
8,357,1
-4,357,1
-16,357,1
-28,357,1
-40,357,1
-50,357,1
650,513,1
650,513,1
633,513,1
616,513,1
599,513,1
582,513,1
565,513,1
548,513,1
531,513,0
514,513,0
497,513,0
479,513,0
462,513,0
445,513,0
428,513,0
411,513,0
394,513,0
377,513,0
360,513,0
343,513,0
326,513,0
308,513,0
291,513,0
274,513,0
257,513,0
240,513,0
223,513,0
206,513,0
189,513,0
172,513,1
155,513,1
137,513,1
120,513,1
103,513,1
86,513,1
69,513,1
52,513,1
35,513,1
18,513,1
1,513,1
-16,513,1
-34,513,1
-50,513,1
650,687,1
650,687,1
628,687,1
605,687,1
582,687,1
559,687,1
536,687,1
513,687,1
490,687,0
467,687,0
444,687,0
422,687,0
399,687,0
376,687,0
353,687,0
330,687,0
307,687,0
284,687,0
261,687,0
238,687,1
215,687,1
193,687,1
170,687,1
147,687,1
124,687,1
101,687,1
78,687,1
55,687,1
32,687,1
9,687,1
-14,687,1
-36,687,1
-50,687,1
650,716,1
650,716,1
627,716,1
603,716,1
579,716,1
555,716,1
531,716,1
507,716,1
483,716,0
460,716,0
436,716,0
412,716,0
388,716,0
364,716,0
340,716,0
316,716,0
292,716,0
269,716,0
245,716,1
221,716,1
197,716,1
173,716,1
149,716,1
125,716,1
102,716,1
78,716,1
54,716,1
30,716,1
6,716,1
-18,716,1
-42,716,1
-50,716,1
650,363,1
650,363,1
638,363,1
626,363,1
614,363,1
602,363,1
590,363,1
578,363,1
566,363,0
554,363,0
542,363,0
529,363,0
517,363,0
505,363,0
493,363,0
481,363,0
469,363,0
457,363,0
445,363,0
433,363,0
421,363,0
408,363,0
396,363,0
384,363,0
372,363,0
360,363,0
348,363,0
336,363,0
324,363,0
312,363,0
300,363,0
287,363,0
275,363,0
263,363,0
251,363,0
239,363,0
227,363,0
215,363,0
203,363,0
191,363,0
179,363,1
166,363,1
154,363,1
142,363,1
130,363,1
118,363,1
106,363,1
94,363,1
82,363,1
70,363,1
58,363,1
45,363,1
33,363,1
21,363,1
9,363,1
-3,363,1
-15,363,1
-27,363,1
-39,363,1
-50,363,0
650,616,0
650,616,0
630,616,0
609,616,0
589,616,0
568,616,0
548,616,0
527,616,0
507,616,0
486,616,0
466,616,0
445,616,0
425,616,0
404,616,0
384,616,0
363,616,0
343,616,0
322,616,0
301,616,0
281,616,0
260,616,0
240,616,0
219,616,0
199,616,0
178,616,0
158,616,1
137,616,1
117,616,1
96,616,1
76,616,1
55,616,1
35,616,1
14,616,1
-7,616,1
-27,616,1
-48,616,1
-50,616,1
650,635,1
650,635,1
629,635,1
608,635,1
587,635,1
566,635,1
545,635,1
524,635,1
502,635,0
481,635,0
460,635,0
439,635,0
418,635,0
397,635,0
375,635,0
354,635,0
333,635,0
312,635,0
291,635,0
270,635,0
248,635,0
227,635,0
206,635,0
185,635,1
164,635,1
143,635,1
121,635,1
100,635,1
79,635,1
58,635,1
37,635,1
16,635,1
-6,635,1
-27,635,1
-48,635,1
-50,635,1
650,700,1
650,700,1
627,700,1
604,700,1
580,700,1
557,700,1
534,700,1
510,700,1
487,700,0
464,700,0
440,700,0
417,700,0
394,700,0
370,700,0
347,700,0
324,700,0
300,700,0
277,700,0
254,700,0
230,700,0
207,700,1
184,700,1
160,700,1
137,700,1
114,700,1
90,700,1
67,700,1
44,700,1
20,700,1
-3,700,1
-26,700,1
-50,700,1
650,692,1
650,692,1
627,692,1
604,692,1
581,692,1
558,692,1
535,692,1
512,692,1
489,692,0
466,692,0
443,692,0
420,692,0
397,692,0
374,692,0
351,692,0
328,692,0
304,692,0
281,692,0
258,692,0
235,692,1
212,692,1
189,692,1
166,692,1
143,692,1
120,692,1
97,692,1
74,692,1
51,692,1
28,692,1
5,692,1
-18,692,1
-42,692,1
-50,692,1
650,359,1
650,359,1
639,359,1
627,359,1
615,359,1
603,359,1
591,359,1
579,359,1
567,359,0
555,359,0
543,359,0
531,359,0
519,359,0
507,359,0
495,359,0
483,359,0
471,359,0
459,359,0
447,359,0
435,359,0
423,359,0
411,359,0
399,359,0
387,359,0
375,359,0
363,359,0
351,359,0
339,359,0
327,359,0
315,359,0
303,359,0
291,359,0
280,359,0
268,359,0
256,359,0
244,359,0
232,359,0
220,359,0
208,359,0
196,359,0
184,359,0
172,359,0
160,359,0
148,359,0
136,359,0
124,359,1
112,359,1
100,359,1
88,359,1
76,359,1
64,359,1
52,359,1
40,359,1
28,359,1
16,359,1
4,359,1
-8,359,1
-20,359,1
-32,359,1
-44,359,1
-50,359,1
650,331,1
650,331,1
639,331,1
628,331,1
617,331,1
606,331,1
595,331,0
584,331,0
573,331,0
562,331,0
551,331,0
540,331,0
529,331,0
518,331,0
507,331,0
496,331,0
485,331,0
474,331,0
463,331,0
452,331,0
441,331,0
430,331,0
419,331,0
408,331,0
397,331,0
386,331,0
375,331,0
364,331,0
353,331,0
342,331,0
331,331,0
320,331,0
308,331,0
297,331,0
286,331,0
275,331,0
264,331,0
253,331,0
242,331,0
231,331,0
220,331,0
209,331,0
198,331,0
187,331,0
176,331,0
165,331,0
154,331,0
143,331,0
132,331,0
121,331,0
110,331,0
99,331,0
88,331,0
77,331,0
66,331,0
55,331,1
44,331,1
33,331,1
22,331,1
11,331,1
0,331,1
-12,331,1
-23,331,1
-34,331,1
-45,331,1
-50,331,1
650,469,1
650,469,1
635,469,1
619,469,1
604,469,1
588,469,1
572,469,1
557,469,1
541,469,1
525,469,0
510,469,0
494,469,0
479,469,0
463,469,0
447,469,0
432,469,0
416,469,0
400,469,0
385,469,0
369,469,0
353,469,0
338,469,0
322,469,0
307,469,0
291,469,0
275,469,0
260,469,0
244,469,0
228,469,0
213,469,0
197,469,0
182,469,0
166,469,0
150,469,0
135,469,0
119,469,0
103,469,0
88,469,0
72,469,0
56,469,0
41,469,0
650,351,0
650,351,0
639,351,0
627,351,0
615,351,0
604,351,0
592,351,0
580,351,0
569,351,0
557,351,0
545,351,0
533,351,0
522,351,0
510,351,0
498,351,0
487,351,0
475,351,1
463,351,1
452,351,1
440,351,1
428,351,1
416,351,1
405,351,1
393,351,1
381,351,1
370,351,1
358,351,1
346,351,1
335,351,1
323,351,1
311,351,1
299,351,1
288,351,1
276,351,1
264,351,1
253,351,0
241,351,1
229,351,1
218,351,1
206,351,1
194,351,1
182,351,1
171,351,1
159,351,1
147,351,1
136,351,1
124,351,1
112,351,1
101,351,1
89,351,1
77,351,1
65,351,1
54,351,1
42,351,1
650,704,1
26,407,1
650,550,1
650,612,1
650,612,1
630,612,1
610,612,1
589,612,1
569,612,0
549,612,0
528,612,0
508,612,0
487,612,0
467,612,0
447,612,0
426,612,0
406,612,0
385,612,0
365,612,0
345,612,0
324,612,0
304,612,0
283,612,0
263,612,0
243,612,0
222,612,0
202,612,0
181,612,0
161,612,0
141,612,1
120,612,1
100,612,1
79,612,1
59,612,1
39,612,1
18,612,1
-2,612,1
-23,612,1
-43,612,1
-50,612,1
650,514,1
650,514,1
633,514,1
616,514,1
599,514,1
582,514,1
565,514,1
548,514,1
531,514,1
513,514,0
496,514,0
479,514,0
462,514,0
445,514,0
428,514,0
411,514,0
394,514,0
376,514,0
359,514,0
342,514,0
325,514,0
308,514,0
291,514,0
274,514,0
256,514,0
239,514,0
222,514,0
205,514,0
188,514,0
171,514,0
154,514,0
137,514,0
119,514,0
102,514,0
85,514,1
68,514,1
51,514,1
34,514,1
17,514,1
-1,514,1
-18,514,1
-35,514,1
-50,514,1
650,717,1
650,717,1
627,717,1
603,717,1
579,717,1
555,717,1
531,717,1
507,717,1
483,717,1
459,717,0
435,717,0
412,717,0
388,717,0
364,717,0
340,717,0
316,717,0
292,717,0
268,717,0
244,717,0
220,717,0
196,717,0
173,717,0
149,717,0
125,717,1
101,717,1
77,717,1
53,717,1
29,717,1
5,717,1
-19,717,1
-43,717,1
-50,717,1
650,583,1
650,583,1
631,583,1
612,583,1
592,583,1
573,583,1
553,583,1
534,583,1
514,583,1
495,583,0
476,583,0
456,583,0
437,583,0
417,583,0
398,583,0
378,583,0
359,583,0
340,583,0
320,583,0
301,583,0
281,583,0
262,583,0
242,583,0
223,583,0
204,583,0
184,583,0
165,583,0
145,583,0
126,583,0
106,583,1
87,583,1
68,583,1
48,583,1
29,583,1
9,583,1
-10,583,1
-30,583,1
-49,583,1
-50,583,1
650,354,1
650,354,1
639,354,1
627,354,1
615,354,1
603,354,1
592,354,1
580,354,1
568,354,1
556,354,0
544,354,0
533,354,0
521,354,0
509,354,0
497,354,0
485,354,0
474,354,0
462,354,0
450,354,0
438,354,0
426,354,0
415,354,0
403,354,0
391,354,0
379,354,0
367,354,0
356,354,0
344,354,0
332,354,0
320,354,0
308,354,0
297,354,0
285,354,0
273,354,0
261,354,0
249,354,0
238,354,0
226,354,0
214,354,0
202,354,0
190,354,0
179,354,0
167,354,0
155,354,0
143,354,0
131,354,0
120,354,0
108,354,1
96,354,1
84,354,1
72,354,1
61,354,1
49,354,1
37,354,1
25,354,1
13,354,1
2,354,1
-10,354,1
-22,354,1
-34,354,1
-46,354,1
-50,354,1
650,564,1
650,564,1
632,564,1
613,564,1
594,564,1
575,564,1
557,564,1
538,564,0
519,564,0
500,564,0
481,564,0
463,564,0
444,564,0
425,564,0
406,564,0
387,564,0
369,564,0
350,564,0
331,564,0
312,564,0
293,564,0
275,564,0
256,564,0
237,564,0
218,564,0
199,564,1
181,564,1
162,564,1
143,564,1
124,564,1
105,564,1
87,564,1
68,564,1
49,564,1
30,564,1
11,564,1
-7,564,1
-26,564,1
-45,564,1
-50,564,1
650,668,1
650,668,1
628,668,1
606,668,1
584,668,1
561,668,1
539,668,1
517,668,0
495,668,0
472,668,0
450,668,0
428,668,0
406,668,0
383,668,0
361,668,0
339,668,0
317,668,0
294,668,0
272,668,0
250,668,0
227,668,0
205,668,0
183,668,0
161,668,0
138,668,1
116,668,1
94,668,1
72,668,1
49,668,1
27,668,1
5,668,1
-17,668,1
-40,668,1
-50,668,1
650,635,1
650,635,1
629,635,1
608,635,1
587,635,1
566,635,1
545,635,1
524,635,1
502,635,1
481,635,0
460,635,0
439,635,0
418,635,0
397,635,0
375,635,0
354,635,0
333,635,0
312,635,0
291,635,0
270,635,0
248,635,0
227,635,0
206,635,0
185,635,0
164,635,0
143,635,0
121,635,1
100,635,1
79,635,1
58,635,1
37,635,1
16,635,1
-6,635,1
-27,635,1
-48,635,1
-50,635,1
650,592,1
650,592,1
631,592,1
611,592,1
591,592,1
572,592,1
552,592,1
532,592,1
512,592,1
493,592,0
473,592,0
453,592,0
433,592,0
414,592,0
394,592,0
374,592,0
354,592,0
335,592,0
315,592,0
295,592,0
276,592,0
256,592,0
236,592,0
216,592,0
197,592,0
177,592,0
157,592,0
137,592,0
118,592,1
98,592,1
78,592,1
58,592,1
39,592,1
19,592,1
-1,592,1
-20,592,1
-40,592,1
-50,592,1
650,729,1
650,729,1
626,729,1
602,729,1
578,729,1
553,729,1
529,729,1
505,729,1
480,729,1
456,729,0
432,729,0
408,729,0
383,729,0
359,729,0
335,729,0
310,729,0
286,729,0
262,729,0
237,729,0
213,729,0
189,729,0
165,729,0
140,729,1
116,729,1
92,729,1
67,729,1
43,729,1
19,729,1
-6,729,1
-30,729,1
-50,729,1
650,436,1
650,436,1
636,436,1
621,436,1
607,436,1
592,436,1
578,436,1
563,436,1
549,436,1
534,436,0
520,436,0
505,436,0
491,436,0
476,436,0
462,436,0
447,436,0
433,436,0
418,436,0
403,436,0
389,436,0
374,436,0
360,436,0
345,436,0
331,436,0
316,436,0
302,436,0
287,436,0
273,436,0
258,436,0
244,436,0
229,436,0
214,436,0
200,436,0
185,436,0
171,436,0
156,436,0
142,436,1
127,436,1
113,436,1
98,436,1
84,436,1
69,436,1
55,436,1
40,436,1
26,436,1
11,436,1
-4,436,1
-18,436,1
-33,436,1
-47,436,1
-50,436,1
650,313,1
650,313,1
640,313,1
630,313,1
619,313,1
609,313,1
598,313,1
588,313,0
577,313,0
567,313,0
557,313,0
546,313,0
536,313,0
525,313,0
515,313,0
504,313,0
494,313,0
484,313,0
473,313,0
463,313,0
452,313,0
442,313,0
431,313,0
421,313,0
411,313,0
400,313,0
390,313,0
379,313,0
369,313,0
358,313,0
348,313,0
338,313,0
327,313,0
317,313,0
306,313,0
296,313,0
285,313,0
275,313,0
264,313,0
254,313,0
244,313,0
233,313,0
223,313,0
212,313,0
202,313,0
191,313,0
181,313,0
171,313,0
160,313,0
150,313,0
139,313,0
129,313,0
118,313,0
108,313,0
98,313,0
87,313,0
77,313,1
66,313,1
56,313,1
45,313,1
35,313,1
25,313,1
14,313,1
4,313,1
-7,313,1
-17,313,1
-28,313,1
-38,313,1
-49,313,1
-50,313,1
650,522,1
650,522,1
633,522,1
616,522,1
598,522,1
581,522,1
564,522,1
546,522,1
529,522,0
511,522,0
494,522,0
477,522,0
459,522,0
442,522,0
424,522,0
407,522,0
390,522,0
372,522,0
355,522,0
337,522,0
320,522,0
303,522,0
285,522,0
268,522,0
250,522,0
233,522,0
216,522,0
198,522,0
181,522,0
163,522,0
146,522,1
129,522,1
111,522,1
94,522,1
76,522,1
59,522,1
42,522,1
24,522,1
7,522,1
-11,522,1
-28,522,1
-45,522,1
-50,522,1
650,458,1
650,458,1
635,458,1
620,458,1
605,458,1
589,458,1
574,458,1
559,458,1
544,458,0
528,458,0
513,458,0
498,458,0
483,458,0
467,458,0
452,458,0
437,458,0
422,458,0
406,458,0
391,458,0
376,458,1
360,458,1
345,458,1
330,458,1
315,458,1
299,458,1
284,458,1
269,458,1
254,458,1
238,458,1
223,458,1
208,458,1
193,458,1
177,458,1
162,458,1
147,458,1
131,458,1
116,458,1
101,458,1
86,458,0
70,458,0
55,458,1
40,458,1
650,451,1
650,451,1
635,451,1
620,451,1
605,451,1
590,451,0
575,451,0
560,451,0
545,451,0
530,451,0
515,451,0
500,451,0
485,451,0
470,451,0
455,451,0
440,451,0
425,451,0
410,451,0
395,451,0
380,451,0
365,451,0
350,451,0
335,451,0
320,451,0
305,451,0
290,451,0
275,451,0
260,451,0
245,451,0
230,451,0
215,451,0
199,451,0
184,451,0
169,451,0
154,451,0
139,451,0
124,451,0
109,451,1
94,451,1
79,451,1
64,451,1
49,451,1
34,451,1
19,451,1
4,451,1
-11,451,1
-26,451,1
-41,451,1
-50,451,1
650,341,1
650,341,1
639,341,1
628,341,1
616,341,1
605,341,1
594,341,1
582,341,1
571,341,0
560,341,0
548,341,0
537,341,0
525,341,0
514,341,0
503,341,0
491,341,0
480,341,0
469,341,0
457,341,0
446,341,0
435,341,0
423,341,0
412,341,0
400,341,0
389,341,0
378,341,0
366,341,0
355,341,0
344,341,0
332,341,0
321,341,0
309,341,0
298,341,0
287,341,0
275,341,0
264,341,0
253,341,0
241,341,0
230,341,0
219,341,0
207,341,0
196,341,0
184,341,0
173,341,0
162,341,0
150,341,0
139,341,0
128,341,0
116,341,1
105,341,1
94,341,1
82,341,1
71,341,1
59,341,1
48,341,1
37,341,1
25,341,1
14,341,1
3,341,1
-9,341,1
-20,341,1
-32,341,1
-43,341,1
-50,341,1
650,406,1
650,406,1
637,406,1
623,406,1
610,406,1
596,406,1
583,406,0
569,406,0
556,406,0
542,406,0
529,406,0
515,406,0
502,406,0
488,406,0
475,406,0
461,406,0
448,406,0
434,406,0
420,406,0
407,406,0
393,406,0
380,406,0
366,406,0
353,406,0
339,406,0
326,406,0
312,406,0
299,406,0
285,406,0
272,406,0
258,406,0
244,406,0
231,406,0
217,406,0
204,406,0
190,406,0
177,406,0
163,406,0
150,406,0
136,406,0
123,406,0
109,406,0
96,406,0
82,406,1
69,406,1
55,406,1
41,406,1
28,406,1
14,406,1
1,406,1
-13,406,1
-26,406,1
-40,406,1
-50,406,1
650,340,1
650,340,1
639,340,1
628,340,1
616,340,1
605,340,1
594,340,1
582,340,1
571,340,1
560,340,0
548,340,0
537,340,0
526,340,0
514,340,0
503,340,0
492,340,0
480,340,0
469,340,0
458,340,0
446,340,0
435,340,0
424,340,0
412,340,0
401,340,0
390,340,0
378,340,0
367,340,0
356,340,0
344,340,0
333,340,0
322,340,0
310,340,0
299,340,0
288,340,0
276,340,0
265,340,0
254,340,0
242,340,0
231,340,0
220,340,0
208,340,0
197,340,0
186,340,0
174,340,0
163,340,0
152,340,0
140,340,0
129,340,1
118,340,1
106,340,1
95,340,1
84,340,1
72,340,1
61,340,1
50,340,1
38,340,1
27,340,1
16,340,1
4,340,1
-7,340,1
-18,340,1
-30,340,1
-41,340,1
-50,340,1
650,360,1
650,360,1
638,360,1
626,360,1
614,360,1
602,360,0
590,360,0
578,360,0
566,360,0
554,360,0
542,360,0
530,360,0
518,360,0
506,360,0
494,360,0
482,360,0
470,360,0
458,360,0
446,360,0
434,360,0
422,360,0
410,360,0
398,360,0
386,360,0
374,360,0
362,360,0
350,360,0
338,360,0
326,360,0
314,360,0
302,360,0
290,360,0
278,360,0
266,360,0
254,360,0
242,360,0
230,360,0
218,360,0
206,360,0
194,360,0
182,360,0
170,360,0
158,360,0
146,360,0
134,360,1
122,360,1
110,360,1
98,360,1
86,360,1
74,360,1
62,360,1
50,360,1
38,360,1
26,360,1
14,360,1
2,360,1
-10,360,1
-22,360,1
-34,360,1
-46,360,1
-50,360,1
650,392,1
650,392,1
637,392,1
624,392,1
611,392,1
598,392,0
585,392,0
572,392,0
559,392,0
546,392,0
533,392,0
520,392,0
507,392,0
494,392,0
481,392,0
468,392,0
454,392,0
441,392,0
428,392,0
415,392,0
402,392,0
389,392,0
376,392,0
363,392,0
350,392,0
337,392,0
324,392,0
311,392,0
298,392,0
285,392,0
272,392,0
258,392,0
245,392,0
232,392,0
219,392,0
206,392,0
193,392,0
180,392,0
167,392,0
154,392,0
141,392,0
128,392,1
115,392,1
102,392,1
89,392,1
76,392,1
62,392,1
49,392,1
36,392,1
23,392,1
10,392,1
-3,392,1
-16,392,1
-29,392,1
-42,392,1
-50,392,1
650,448,1
650,448,1
636,448,1
621,448,1
606,448,1
591,448,1
576,448,1
561,448,0
546,448,0
531,448,0
516,448,0
501,448,0
486,448,0
471,448,0
456,448,0
441,448,0
427,448,0
412,448,0
397,448,0
382,448,0
367,448,0
352,448,0
337,448,0
322,448,0
307,448,0
292,448,0
277,448,0
262,448,0
247,448,0
232,448,0
217,448,0
203,448,0
188,448,0
173,448,1
158,448,1
143,448,1
128,448,1
113,448,1
98,448,1
83,448,1
68,448,1
53,448,1
38,448,1
23,448,1
8,448,1
-7,448,1
-21,448,1
-36,448,1
-50,448,1
650,438,1
650,438,1
636,438,1
621,438,1
607,438,1
592,438,1
577,438,0
563,438,0
548,438,0
534,438,0
519,438,0
504,438,0
490,438,0
475,438,0
461,438,0
446,438,0
431,438,0
417,438,0
402,438,0
388,438,0
373,438,0
358,438,0
344,438,0
329,438,0
315,438,0
300,438,0
285,438,0
271,438,0
256,438,0
242,438,0
227,438,0
212,438,0
198,438,1
183,438,1
169,438,1
154,438,1
139,438,1
125,438,1
110,438,1
96,438,1
81,438,1
66,438,1
52,438,1
37,438,1
23,438,1
8,438,1
-7,438,1
-21,438,1
-36,438,1
-50,438,1
650,672,1
650,672,1
628,672,1
606,672,1
583,672,0
561,672,0
539,672,0
516,672,0
494,672,0
471,672,0
449,672,0
427,672,0
404,672,0
382,672,0
359,672,0
337,672,0
315,672,0
292,672,0
270,672,0
247,672,0
225,672,0
203,672,0
180,672,0
158,672,0
135,672,1
113,672,1
91,672,1
68,672,1
46,672,1
23,672,1
1,672,1
-21,672,1
-44,672,1
-50,672,1
650,792,1
650,792,1
624,792,1
598,792,1
571,792,1
545,792,1
519,792,1
492,792,1
466,792,1
439,792,0
413,792,0
387,792,0
360,792,0
334,792,0
307,792,0
281,792,0
255,792,0
228,792,0
202,792,0
175,792,0
149,792,0
123,792,1
96,792,1
70,792,1
43,792,1
17,792,1
-9,792,1
-36,792,1
-50,792,1
650,389,1
650,389,1
638,389,1
625,389,1
612,389,1
599,389,1
586,389,1
573,389,1
560,389,1
547,389,0
534,389,0
521,389,0
508,389,0
495,389,0
482,389,0
469,389,0
456,389,0
443,389,0
430,389,0
417,389,0
404,389,0
391,389,0
378,389,0
365,389,0
352,389,0
339,389,0
326,389,0
313,389,0
300,389,0
287,389,0
274,389,0
261,389,0
249,389,0
236,389,0
223,389,0
210,389,0
197,389,0
184,389,0
171,389,0
158,389,0
145,389,0
132,389,0
119,389,1
106,389,1
93,389,1
80,389,1
67,389,1
54,389,1
41,389,1
28,389,1
15,389,1
2,389,1
-11,389,1
-24,389,1
-37,389,1
-50,389,1
650,411,1
650,411,1
637,411,1
623,411,1
609,411,1
596,411,1
582,411,1
568,411,1
555,411,0
541,411,0
527,411,0
513,411,0
500,411,0
486,411,0
472,411,0
459,411,0
445,411,0
431,411,0
418,411,0
404,411,0
390,411,0
376,411,0
363,411,0
349,411,0
335,411,0
322,411,0
308,411,0
294,411,0
281,411,0
267,411,0
253,411,0
239,411,0
226,411,0
212,411,0
198,411,0
185,411,0
171,411,0
157,411,0
144,411,0
130,411,0
116,411,0
102,411,0
89,411,0
75,411,1
61,411,1
48,411,1
34,411,1
20,411,1
7,411,1
-7,411,1
-21,411,1
-35,411,1
-48,411,1
-50,411,1
650,395,1
650,395,1
637,395,1
624,395,1
611,395,1
598,395,1
585,395,1
572,395,1
558,395,1
545,395,0
532,395,0
519,395,0
506,395,0
493,395,0
479,395,0
466,395,0
453,395,0
440,395,0
427,395,0
414,395,0
400,395,0
387,395,0
374,395,0
361,395,0
348,395,0
335,395,0
321,395,0
308,395,0
295,395,0
282,395,0
269,395,0
256,395,0
242,395,0
229,395,0
216,395,0
203,395,0
190,395,0
177,395,0
163,395,0
150,395,1
137,395,1
124,395,1
111,395,1
98,395,1
84,395,1
71,395,1
58,395,1
45,395,1
32,395,1
19,395,1
5,395,1
-8,395,1
-21,395,1
-34,395,1
-47,395,1
-50,395,1
650,736,1
650,736,1
626,736,1
601,736,1
577,736,1
552,736,0
528,736,0
503,736,0
479,736,0
454,736,0
430,736,0
405,736,0
381,736,0
356,736,0
332,736,0
307,736,0
283,736,0
258,736,0
233,736,0
209,736,0
184,736,0
160,736,1
135,736,1
111,736,1
86,736,1
62,736,1
37,736,1
13,736,1
-12,736,1
-36,736,1
-50,736,1
650,314,1
650,314,1
640,314,1
630,314,1
619,314,1
609,314,1
598,314,1
588,314,1
577,314,1
567,314,0
556,314,0
546,314,0
535,314,0
525,314,0
514,314,0
504,314,0
493,314,0
483,314,0
473,314,0
462,314,0
452,314,0
441,314,0
431,314,0
420,314,0
410,314,0
399,314,0
389,314,0
378,314,0
368,314,0
357,314,0
347,314,0
336,314,0
326,314,0
316,314,0
305,314,0
295,314,0
284,314,0
274,314,0
263,314,0
253,314,0
242,314,0
232,314,0
221,314,0
211,314,0
200,314,0
190,314,0
180,314,0
169,314,0
159,314,0
148,314,0
138,314,0
127,314,0
117,314,1
106,314,1
96,314,1
85,314,1
75,314,1
64,314,1
54,314,1
43,314,1
33,314,1
23,314,1
12,314,1
2,314,1
-9,314,1
-19,314,1
-30,314,1
-40,314,1
-50,314,1
650,667,1
650,667,1
628,667,1
606,667,1
584,667,1
562,667,0
539,667,0
517,667,0
495,667,0
473,667,0
450,667,0
428,667,0
406,667,0
384,667,0
361,667,0
339,667,0
317,667,0
295,667,0
273,667,0
250,667,0
228,667,0
206,667,1
184,667,1
161,667,1
139,667,1
117,667,1
95,667,1
72,667,1
50,667,1
28,667,1
6,667,1
-17,667,1
-39,667,1
-50,667,1
650,515,1
650,515,1
633,515,1
616,515,1
599,515,1
582,515,1
565,515,1
548,515,1
530,515,0
513,515,0
496,515,0
479,515,0
462,515,0
445,515,0
427,515,0
410,515,0
393,515,0
376,515,0
359,515,0
342,515,0
324,515,0
307,515,0
290,515,0
273,515,0
256,515,0
239,515,0
221,515,0
204,515,0
187,515,1
170,515,1
153,515,1
136,515,1
118,515,1
101,515,1
84,515,1
67,515,1
50,515,1
33,515,1
15,515,1
-2,515,1
-19,515,1
-36,515,1
-50,515,1
650,521,1
650,521,1
633,521,1
616,521,1
598,521,1
581,521,1
564,521,1
546,521,0
529,521,0
512,521,0
494,521,0
477,521,0
459,521,0
442,521,0
425,521,0
407,521,0
390,521,0
373,521,0
355,521,0
338,521,0
321,521,0
303,521,0
286,521,0
268,521,0
251,521,0
234,521,0
216,521,0
199,521,1
182,521,1
164,521,1
147,521,1
129,521,1
112,521,1
95,521,1
77,521,1
60,521,1
43,521,1
25,521,1
8,521,1
-9,521,1
-27,521,1
-44,521,1
-50,521,1
650,623,1
650,623,1
630,623,1
609,623,1
588,623,1
567,623,1
547,623,0
526,623,0
505,623,0
484,623,0
464,623,0
443,623,0
422,623,0
401,623,0
381,623,0
360,623,0
339,623,0
318,623,0
297,623,0
277,623,0
256,623,0
235,623,0
214,623,0
194,623,1
173,623,1
152,623,1
131,623,1
111,623,1
90,623,1
69,623,1
48,623,1
28,623,1
7,623,1
-14,623,1
-35,623,1
-50,623,1
650,527,1
650,527,1
633,527,1
615,527,1
598,527,1
580,527,1
563,527,1
545,527,1
528,527,0
510,527,0
492,527,0
475,527,0
457,527,0
440,527,0
422,527,0
405,527,0
387,527,0
369,527,0
352,527,0
334,527,0
317,527,0
299,527,0
282,527,0
264,527,0
246,527,0
229,527,0
211,527,0
194,527,0
176,527,0
159,527,1
141,527,1
123,527,1
106,527,1
88,527,1
71,527,1
53,527,1
36,527,1
18,527,1
1,527,1
-17,527,1
-35,527,1
-50,527,1
650,527,1
650,527,1
633,527,1
615,527,1
598,527,1
580,527,1
563,527,1
545,527,1
528,527,0
510,527,0
492,527,0
475,527,0
457,527,0
440,527,0
422,527,0
405,527,0
387,527,0
369,527,0
352,527,0
334,527,0
317,527,0
299,527,0
282,527,0
264,527,0
246,527,0
229,527,0
211,527,0
194,527,0
176,527,0
159,527,1
141,527,1
123,527,1
106,527,1
88,527,1
71,527,1
53,527,1
36,527,1
18,527,1
1,527,1
-17,527,1
-35,527,1
-50,527,1
650,704,1
650,704,1
627,704,1
604,704,1
580,704,1
557,704,1
533,704,1
510,704,1
486,704,0
463,704,0
439,704,0
416,704,0
392,704,0
369,704,0
345,704,0
322,704,0
298,704,0
275,704,0
252,704,0
228,704,0
205,704,1
181,704,1
158,704,1
134,704,1
111,704,1
87,704,1
64,704,1
40,704,1
17,704,1
-7,704,1
-30,704,1
-50,704,1
650,733,1
650,733,1
626,733,1
602,733,1
577,733,1
553,733,1
528,733,1
504,733,1
479,733,0
455,733,0
431,733,0
406,733,0
382,733,0
357,733,0
333,733,0
308,733,0
284,733,0
260,733,0
235,733,0
211,733,0
186,733,0
162,733,0
137,733,0
113,733,1
89,733,1
64,733,1
40,733,1
15,733,1
-9,733,1
-34,733,1
-50,733,1
650,643,1
650,643,1
629,643,1
608,643,1
586,643,1
565,643,1
543,643,1
522,643,1
500,643,1
479,643,0
458,643,0
436,643,0
415,643,0
393,643,0
372,643,0
350,643,0
329,643,0
308,643,0
286,643,0
265,643,0
243,643,0
222,643,0
200,643,0
179,643,0
158,643,0
136,643,1
115,643,1
93,643,1
72,643,1
50,643,1
29,643,1
8,643,1
-14,643,1
-35,643,1
-50,643,1
650,665,1
650,665,1
628,665,1
606,665,1
584,665,1
562,665,1
540,665,1
518,665,1
495,665,1
473,665,0
451,665,0
429,665,0
407,665,0
385,665,0
362,665,0
340,665,0
318,665,0
296,665,0
274,665,0
252,665,0
229,665,0
207,665,0
185,665,0
163,665,1
141,665,1
119,665,1
96,665,1
74,665,1
52,665,1
30,665,1
8,665,1
-14,665,1
-37,665,1
-50,665,1
650,444,1
650,444,1
636,444,1
621,444,1
606,444,1
591,444,1
577,444,1
562,444,1
547,444,1
532,444,0
517,444,0
503,444,0
488,444,0
473,444,0
458,444,0
443,444,0
429,444,0
414,444,0
399,444,0
384,444,0
369,444,0
355,444,0
340,444,0
325,444,0
310,444,0
295,444,0
281,444,0
266,444,0
251,444,0
236,444,0
221,444,0
207,444,0
192,444,0
177,444,0
162,444,0
147,444,0
133,444,0
118,444,1
103,444,1
88,444,1
73,444,1
59,444,1
44,444,1
29,444,1
14,444,1
-1,444,1
-15,444,1
-30,444,1
-45,444,1
-50,444,1
650,585,1
650,585,1
631,585,1
611,585,1
592,585,1
572,585,1
553,585,1
533,585,1
514,585,0
494,585,0
475,585,0
455,585,0
436,585,0
416,585,0
397,585,0
377,585,0
358,585,0
338,585,0
319,585,0
299,585,0
280,585,0
260,585,0
241,585,0
221,585,0
202,585,0
182,585,0
163,585,0
143,585,1
124,585,1
104,585,1
85,585,1
65,585,1
46,585,1
26,585,1
7,585,1
-13,585,1
-32,585,1
-50,585,1
650,787,1
650,787,1
624,787,1
598,787,1
572,787,1
546,787,1
519,787,1
493,787,1
467,787,1
441,787,0
414,787,0
388,787,0
362,787,0
336,787,0
309,787,0
283,787,0
257,787,0
231,787,0
205,787,0
178,787,0
152,787,1
126,787,1
100,787,1
73,787,1
47,787,1
21,787,1
-5,787,1
-32,787,1
-50,787,1
650,717,1
650,717,1
627,717,1
603,717,1
579,717,1
555,717,1
531,717,1
507,717,1
483,717,1
459,717,0
435,717,0
412,717,0
388,717,0
364,717,0
340,717,0
316,717,0
292,717,0
268,717,0
244,717,0
220,717,1
196,717,1
173,717,1
149,717,1
125,717,1
101,717,1
77,717,1
53,717,1
29,717,1
5,717,1
-19,717,1
-43,717,1
-50,717,1
650,588,1
650,588,1
631,588,1
611,588,1
592,588,1
572,588,1
552,588,1
533,588,1
513,588,0
494,588,0
474,588,0
454,588,0
435,588,0
415,588,0
396,588,0
376,588,0
356,588,0
337,588,0
317,588,0
298,588,0
278,588,0
258,588,0
239,588,0
219,588,0
200,588,0
180,588,0
160,588,0
141,588,1
121,588,1
102,588,1
82,588,1
62,588,1
43,588,1
23,588,1
4,588,1
-16,588,1
-36,588,1
-50,588,1
650,441,1
650,441,1
636,441,1
621,441,1
606,441,1
592,441,1
577,441,1
562,441,1
548,441,1
533,441,0
518,441,0
503,441,0
489,441,0
474,441,0
459,441,0
445,441,0
430,441,0
415,441,0
401,441,0
386,441,0
371,441,0
356,441,0
342,441,0
327,441,0
312,441,0
298,441,0
283,441,0
268,441,0
254,441,0
239,441,0
224,441,0
209,441,0
195,441,0
180,441,0
165,441,0
151,441,0
136,441,0
121,441,1
107,441,1
92,441,1
77,441,1
62,441,1
48,441,1
33,441,1
18,441,1
4,441,1
-11,441,1
-26,441,1
-40,441,1
-50,441,1
650,771,1
650,771,1
625,771,1
599,771,1
573,771,1
548,771,1
522,771,1
496,771,1
471,771,0
445,771,0
419,771,0
393,771,0
368,771,0
342,771,0
316,771,0
291,771,0
265,771,0
239,771,0
214,771,0
188,771,0
162,771,0
136,771,1
111,771,1
85,771,1
59,771,1
34,771,1
8,771,1
-18,771,1
-43,771,1
-50,771,1
650,598,1
650,598,1
631,598,1
611,598,1
591,598,1
571,598,1
551,598,1
531,598,1
511,598,1
491,598,0
471,598,0
451,598,0
431,598,0
411,598,0
391,598,0
371,598,0
352,598,0
332,598,0
312,598,0
292,598,0
272,598,0
252,598,0
232,598,0
212,598,0
192,598,0
172,598,0
152,598,1
132,598,1
112,598,1
92,598,1
72,598,1
53,598,1
33,598,1
13,598,1
-7,598,1
-27,598,1
-47,598,1
-50,598,1
650,776,1
650,776,1
625,776,1
599,776,1
573,776,1
547,776,1
521,776,1
495,776,1
469,776,0
444,776,0
418,776,0
392,776,0
366,776,0
340,776,0
314,776,0
288,776,0
262,776,0
237,776,0
211,776,0
185,776,0
159,776,1
133,776,1
107,776,1
81,776,1
56,776,1
30,776,1
4,776,1
-22,776,1
-48,776,1
-50,776,1
650,657,1
650,657,1
629,657,1
607,657,1
585,657,1
563,657,1
541,657,1
519,657,1
497,657,1
475,657,0
453,657,0
432,657,0
410,657,0
388,657,0
366,657,0
344,657,0
322,657,0
300,657,0
278,657,0
256,657,0
234,657,0
213,657,0
191,657,1
169,657,1
147,657,1
125,657,1
103,657,1
81,657,1
59,657,1
37,657,1
15,657,1
-6,657,1
-28,657,1
-50,657,1
650,305,1
650,305,1
640,305,1
630,305,1
620,305,1
610,305,1
600,305,1
590,305,1
579,305,0
569,305,0
559,305,0
549,305,0
539,305,0
529,305,0
518,305,0
508,305,0
498,305,0
488,305,0
478,305,0
468,305,0
457,305,0
447,305,0
437,305,0
427,305,0
417,305,0
407,305,0
396,305,0
386,305,0
376,305,0
366,305,0
356,305,0
346,305,0
335,305,0
325,305,0
315,305,0
305,305,0
295,305,0
285,305,0
274,305,0
264,305,0
254,305,0
244,305,0
234,305,0
224,305,0
213,305,0
203,305,0
193,305,0
183,305,0
173,305,0
163,305,0
152,305,0
142,305,0
132,305,0
122,305,0
112,305,0
102,305,1
91,305,1
81,305,1
71,305,1
61,305,1
51,305,1
41,305,1
30,305,1
20,305,1
10,305,1
0,305,1
-10,305,1
-20,305,1
-31,305,1
-41,305,1
-50,305,1
650,329,1
650,329,1
640,329,1
629,329,1
618,329,1
607,329,1
596,329,0
585,329,0
574,329,0
563,329,0
552,329,0
541,329,0
530,329,0
519,329,0
508,329,0
497,329,0
486,329,0
475,329,0
464,329,0
453,329,0
442,329,0
431,329,0
420,329,0
409,329,0
398,329,0
387,329,0
376,329,0
365,329,0
354,329,0
343,329,0
332,329,0
321,329,0
311,329,0
300,329,0
289,329,0
278,329,0
267,329,0
256,329,0
245,329,0
234,329,0
223,329,0
212,329,0
201,329,0
190,329,0
179,329,0
168,329,0
157,329,0
146,329,0
135,329,0
124,329,0
113,329,0
102,329,0
91,329,1
80,329,1
69,329,1
58,329,1
47,329,1
36,329,1
25,329,1
14,329,1
3,329,1
-7,329,1
-18,329,1
-29,329,1
-40,329,1
-50,329,1
650,543,1
650,543,1
632,543,1
614,543,1
596,543,1
578,543,1
560,543,1
542,543,1
524,543,0
506,543,0
488,543,0
469,543,0
451,543,0
433,543,0
415,543,0
397,543,0
379,543,0
361,543,0
343,543,0
325,543,0
307,543,0
288,543,0
270,543,0
252,543,0
234,543,0
216,543,0
198,543,0
180,543,0
162,543,0
144,543,0
126,543,1
107,543,1
89,543,1
71,543,1
53,543,1
35,543,1
17,543,1
-1,543,1
-19,543,1
-37,543,1
-50,543,1
650,353,1
650,353,1
639,353,1
627,353,1
615,353,1
603,353,1
592,353,1
580,353,1
568,353,1
556,353,0
545,353,0
533,353,0
521,353,0
509,353,0
498,353,0
486,353,0
474,353,0
462,353,0
450,353,0
439,353,0
427,353,0
415,353,0
403,353,0
392,353,0
380,353,0
368,353,0
356,353,0
345,353,0
333,353,0
321,353,0
309,353,0
298,353,0
286,353,0
274,353,0
262,353,0
250,353,0
239,353,0
227,353,0
215,353,0
203,353,0
192,353,0
180,353,0
168,353,0
156,353,0
145,353,0
133,353,0
121,353,0
109,353,1
97,353,1
86,353,1
74,353,1
62,353,1
50,353,1
39,353,1
27,353,1
15,353,1
3,353,1
-8,353,1
-20,353,1
-32,353,1
-44,353,1
-50,353,1
650,535,1
650,535,1
633,535,1
615,535,1
597,535,1
579,535,1
561,535,1
543,535,0
526,535,0
508,535,0
490,535,0
472,535,0
454,535,0
436,535,0
419,535,0
401,535,0
383,535,0
365,535,0
347,535,0
329,535,0
312,535,0
294,535,0
276,535,0
258,535,0
240,535,0
222,535,0
205,535,0
187,535,0
169,535,0
151,535,0
133,535,0
115,535,1
98,535,1
80,535,1
62,535,1
44,535,1
26,535,1
8,535,1
-9,535,1
-27,535,1
-45,535,1
-50,535,1
650,588,1
650,588,1
631,588,1
611,588,1
592,588,1
572,588,1
552,588,1
533,588,1
513,588,1
494,588,0
474,588,0
454,588,0
435,588,0
415,588,0
396,588,0
376,588,0
356,588,0
337,588,0
317,588,0
298,588,0
278,588,0
258,588,0
239,588,0
219,588,0
200,588,0
180,588,0
160,588,0
141,588,0
121,588,1
102,588,1
82,588,1
62,588,1
43,588,1
23,588,1
4,588,1
-16,588,1
-36,588,1
-50,588,1
650,403,1
650,403,1
637,403,1
624,403,1
610,403,1
597,403,1
583,403,1
570,403,1
556,403,1
543,403,0
530,403,0
516,403,0
503,403,0
489,403,0
476,403,0
462,403,0
449,403,0
436,403,0
422,403,0
409,403,0
395,403,0
382,403,0
368,403,0
355,403,0
342,403,0
328,403,0
315,403,0
301,403,0
288,403,0
274,403,0
261,403,0
248,403,0
234,403,0
221,403,0
207,403,0
194,403,0
180,403,0
167,403,0
153,403,0
140,403,0
127,403,0
113,403,0
100,403,0
86,403,0
73,403,0
59,403,0
46,403,0
